{"cameraMode":{"drawMode":0,"name":"Shaded","section":"Shading Mode"},"sceneLighting":true,"audioPlay":false,"sceneViewState":{"m_AlwaysRefresh":false,"showFog":true,"showSkybox":true,"showFlares":true,"showImageEffects":true,"showParticleSystems":true,"showVisualEffectGraphs":true,"m_FxEnabled":true},"in2DMode":false,"pivot":{"x":2.3511898517608644,"y":1.606419563293457,"z":0.6891634464263916},"rotation":{"x":0.07400044798851013,"y":-0.8967419862747192,"z":0.16369326412677766,"w":0.4046486020088196},"size":0.5631250143051148,"orthographic":false}